brand,disc_cat,correlation_coefficient
Apple,High,0.09066140937714197
Apple,Low or Negative,0.044753127336824704
Apple,Medium,0.008061189982271686
Samsung,High,-0.1520057742626052
Samsung,Low or Negative,0.015944334354153742
Samsung,Medium,-0.0350546400450229
